{"cameraMode":{"drawMode":0,"name":"Shaded","section":"Shading Mode"},"sceneLighting":true,"audioPlay":false,"sceneViewState":{"showFog":true,"showMaterialUpdate":false,"showSkybox":true,"showFlares":true,"showImageEffects":true,"showParticleSystems":true},"in2DMode":false,"pivot":{"x":7.233336448669434,"y":16.4481201171875,"z":-19.10066032409668},"rotation":{"x":-0.24306221306324006,"y":0.22085197269916535,"z":-0.05693734437227249,"w":-0.9428203105926514},"size":22.82556915283203,"orthographic":false}